"user_id","page"
123100,"payment_confirmation_page"
704999,"payment_confirmation_page"
407188,"payment_confirmation_page"
538348,"payment_confirmation_page"
841681,"payment_confirmation_page"
820062,"payment_confirmation_page"
365738,"payment_confirmation_page"
994662,"payment_confirmation_page"
898109,"payment_confirmation_page"
615140,"payment_confirmation_page"
95551,"payment_confirmation_page"
13830,"payment_confirmation_page"
594960,"payment_confirmation_page"
940714,"payment_confirmation_page"
379877,"payment_confirmation_page"
205268,"payment_confirmation_page"
93580,"payment_confirmation_page"
100016,"payment_confirmation_page"
28812,"payment_confirmation_page"
294363,"payment_confirmation_page"
694836,"payment_confirmation_page"
97026,"payment_confirmation_page"
801852,"payment_confirmation_page"
392514,"payment_confirmation_page"
495450,"payment_confirmation_page"
462226,"payment_confirmation_page"
822237,"payment_confirmation_page"
427569,"payment_confirmation_page"
724605,"payment_confirmation_page"
703237,"payment_confirmation_page"
166056,"payment_confirmation_page"
950777,"payment_confirmation_page"
88119,"payment_confirmation_page"
435639,"payment_confirmation_page"
999315,"payment_confirmation_page"
731698,"payment_confirmation_page"
320723,"payment_confirmation_page"
121010,"payment_confirmation_page"
757092,"payment_confirmation_page"
370509,"payment_confirmation_page"
568670,"payment_confirmation_page"
164029,"payment_confirmation_page"
58959,"payment_confirmation_page"
761027,"payment_confirmation_page"
663718,"payment_confirmation_page"
706843,"payment_confirmation_page"
559850,"payment_confirmation_page"
367520,"payment_confirmation_page"
597672,"payment_confirmation_page"
790254,"payment_confirmation_page"
60704,"payment_confirmation_page"
201722,"payment_confirmation_page"
308049,"payment_confirmation_page"
333347,"payment_confirmation_page"
190121,"payment_confirmation_page"
518777,"payment_confirmation_page"
707216,"payment_confirmation_page"
621187,"payment_confirmation_page"
280705,"payment_confirmation_page"
783716,"payment_confirmation_page"
341158,"payment_confirmation_page"
581956,"payment_confirmation_page"
173995,"payment_confirmation_page"
30217,"payment_confirmation_page"
331300,"payment_confirmation_page"
486505,"payment_confirmation_page"
402418,"payment_confirmation_page"
34018,"payment_confirmation_page"
459045,"payment_confirmation_page"
400941,"payment_confirmation_page"
717640,"payment_confirmation_page"
930435,"payment_confirmation_page"
526427,"payment_confirmation_page"
194396,"payment_confirmation_page"
172550,"payment_confirmation_page"
585325,"payment_confirmation_page"
401537,"payment_confirmation_page"
31866,"payment_confirmation_page"
831081,"payment_confirmation_page"
504018,"payment_confirmation_page"
605466,"payment_confirmation_page"
268582,"payment_confirmation_page"
146837,"payment_confirmation_page"
299683,"payment_confirmation_page"
190699,"payment_confirmation_page"
29666,"payment_confirmation_page"
92180,"payment_confirmation_page"
910539,"payment_confirmation_page"
608962,"payment_confirmation_page"
107058,"payment_confirmation_page"
146341,"payment_confirmation_page"
303801,"payment_confirmation_page"
443377,"payment_confirmation_page"
549121,"payment_confirmation_page"
258146,"payment_confirmation_page"
79913,"payment_confirmation_page"
318400,"payment_confirmation_page"
316881,"payment_confirmation_page"
380093,"payment_confirmation_page"
723542,"payment_confirmation_page"
561949,"payment_confirmation_page"
554826,"payment_confirmation_page"
262446,"payment_confirmation_page"
487247,"payment_confirmation_page"
385027,"payment_confirmation_page"
255699,"payment_confirmation_page"
878813,"payment_confirmation_page"
51269,"payment_confirmation_page"
806139,"payment_confirmation_page"
435925,"payment_confirmation_page"
338722,"payment_confirmation_page"
250112,"payment_confirmation_page"
706508,"payment_confirmation_page"
120040,"payment_confirmation_page"
281391,"payment_confirmation_page"
132536,"payment_confirmation_page"
373207,"payment_confirmation_page"
473150,"payment_confirmation_page"
271016,"payment_confirmation_page"
112136,"payment_confirmation_page"
298664,"payment_confirmation_page"
415219,"payment_confirmation_page"
674513,"payment_confirmation_page"
441411,"payment_confirmation_page"
944491,"payment_confirmation_page"
59583,"payment_confirmation_page"
804470,"payment_confirmation_page"
537845,"payment_confirmation_page"
734759,"payment_confirmation_page"
128910,"payment_confirmation_page"
582445,"payment_confirmation_page"
972956,"payment_confirmation_page"
758567,"payment_confirmation_page"
515725,"payment_confirmation_page"
330089,"payment_confirmation_page"
493077,"payment_confirmation_page"
397462,"payment_confirmation_page"
664260,"payment_confirmation_page"
263888,"payment_confirmation_page"
910504,"payment_confirmation_page"
849323,"payment_confirmation_page"
586259,"payment_confirmation_page"
775450,"payment_confirmation_page"
404903,"payment_confirmation_page"
813956,"payment_confirmation_page"
736250,"payment_confirmation_page"
812258,"payment_confirmation_page"
744742,"payment_confirmation_page"
541336,"payment_confirmation_page"
44679,"payment_confirmation_page"
827348,"payment_confirmation_page"
331768,"payment_confirmation_page"
611476,"payment_confirmation_page"
309350,"payment_confirmation_page"
949305,"payment_confirmation_page"
656950,"payment_confirmation_page"
77337,"payment_confirmation_page"
196016,"payment_confirmation_page"
530697,"payment_confirmation_page"
345248,"payment_confirmation_page"
733831,"payment_confirmation_page"
622779,"payment_confirmation_page"
129954,"payment_confirmation_page"
516381,"payment_confirmation_page"
482864,"payment_confirmation_page"
317940,"payment_confirmation_page"
201374,"payment_confirmation_page"
795005,"payment_confirmation_page"
791555,"payment_confirmation_page"
950703,"payment_confirmation_page"
403943,"payment_confirmation_page"
397157,"payment_confirmation_page"
540272,"payment_confirmation_page"
404655,"payment_confirmation_page"
461169,"payment_confirmation_page"
21080,"payment_confirmation_page"
119201,"payment_confirmation_page"
572478,"payment_confirmation_page"
445105,"payment_confirmation_page"
742194,"payment_confirmation_page"
500567,"payment_confirmation_page"
257083,"payment_confirmation_page"
287132,"payment_confirmation_page"
191576,"payment_confirmation_page"
699561,"payment_confirmation_page"
340286,"payment_confirmation_page"
407249,"payment_confirmation_page"
448390,"payment_confirmation_page"
590792,"payment_confirmation_page"
753854,"payment_confirmation_page"
396337,"payment_confirmation_page"
638830,"payment_confirmation_page"
667095,"payment_confirmation_page"
752530,"payment_confirmation_page"
589518,"payment_confirmation_page"
373557,"payment_confirmation_page"
535475,"payment_confirmation_page"
743798,"payment_confirmation_page"
941726,"payment_confirmation_page"
119742,"payment_confirmation_page"
654654,"payment_confirmation_page"
526109,"payment_confirmation_page"
169773,"payment_confirmation_page"
593170,"payment_confirmation_page"
800545,"payment_confirmation_page"
247128,"payment_confirmation_page"
308881,"payment_confirmation_page"
316337,"payment_confirmation_page"
677116,"payment_confirmation_page"
377893,"payment_confirmation_page"
666429,"payment_confirmation_page"
990959,"payment_confirmation_page"
720954,"payment_confirmation_page"
353905,"payment_confirmation_page"
830622,"payment_confirmation_page"
866605,"payment_confirmation_page"
738398,"payment_confirmation_page"
421083,"payment_confirmation_page"
558913,"payment_confirmation_page"
18898,"payment_confirmation_page"
111601,"payment_confirmation_page"
109824,"payment_confirmation_page"
504055,"payment_confirmation_page"
650659,"payment_confirmation_page"
464337,"payment_confirmation_page"
446198,"payment_confirmation_page"
89418,"payment_confirmation_page"
753438,"payment_confirmation_page"
893870,"payment_confirmation_page"
729089,"payment_confirmation_page"
985095,"payment_confirmation_page"
869943,"payment_confirmation_page"
348643,"payment_confirmation_page"
558802,"payment_confirmation_page"
452833,"payment_confirmation_page"
601551,"payment_confirmation_page"
97920,"payment_confirmation_page"
528989,"payment_confirmation_page"
491776,"payment_confirmation_page"
690233,"payment_confirmation_page"
380175,"payment_confirmation_page"
728281,"payment_confirmation_page"
226004,"payment_confirmation_page"
216558,"payment_confirmation_page"
362798,"payment_confirmation_page"
639065,"payment_confirmation_page"
896321,"payment_confirmation_page"
170212,"payment_confirmation_page"
116964,"payment_confirmation_page"
204498,"payment_confirmation_page"
254669,"payment_confirmation_page"
630919,"payment_confirmation_page"
607194,"payment_confirmation_page"
95691,"payment_confirmation_page"
190170,"payment_confirmation_page"
260404,"payment_confirmation_page"
248554,"payment_confirmation_page"
207777,"payment_confirmation_page"
847783,"payment_confirmation_page"
513639,"payment_confirmation_page"
989337,"payment_confirmation_page"
274773,"payment_confirmation_page"
339746,"payment_confirmation_page"
898153,"payment_confirmation_page"
395342,"payment_confirmation_page"
52580,"payment_confirmation_page"
248448,"payment_confirmation_page"
516634,"payment_confirmation_page"
582870,"payment_confirmation_page"
542275,"payment_confirmation_page"
551623,"payment_confirmation_page"
255702,"payment_confirmation_page"
314021,"payment_confirmation_page"
302844,"payment_confirmation_page"
122248,"payment_confirmation_page"
509584,"payment_confirmation_page"
204007,"payment_confirmation_page"
512969,"payment_confirmation_page"
606636,"payment_confirmation_page"
696859,"payment_confirmation_page"
712756,"payment_confirmation_page"
963370,"payment_confirmation_page"
969105,"payment_confirmation_page"
638894,"payment_confirmation_page"
939959,"payment_confirmation_page"
543231,"payment_confirmation_page"
740761,"payment_confirmation_page"
255228,"payment_confirmation_page"
435207,"payment_confirmation_page"
535329,"payment_confirmation_page"
208377,"payment_confirmation_page"
462584,"payment_confirmation_page"
187969,"payment_confirmation_page"
499856,"payment_confirmation_page"
637430,"payment_confirmation_page"
548887,"payment_confirmation_page"
229753,"payment_confirmation_page"
712132,"payment_confirmation_page"
575137,"payment_confirmation_page"
941876,"payment_confirmation_page"
102990,"payment_confirmation_page"
118869,"payment_confirmation_page"
659295,"payment_confirmation_page"
998450,"payment_confirmation_page"
816599,"payment_confirmation_page"
987427,"payment_confirmation_page"
283098,"payment_confirmation_page"
182641,"payment_confirmation_page"
419600,"payment_confirmation_page"
71809,"payment_confirmation_page"
166752,"payment_confirmation_page"
83158,"payment_confirmation_page"
274124,"payment_confirmation_page"
331618,"payment_confirmation_page"
140689,"payment_confirmation_page"
755867,"payment_confirmation_page"
811076,"payment_confirmation_page"
894357,"payment_confirmation_page"
546407,"payment_confirmation_page"
753770,"payment_confirmation_page"
392552,"payment_confirmation_page"
334507,"payment_confirmation_page"
876721,"payment_confirmation_page"
924781,"payment_confirmation_page"
189356,"payment_confirmation_page"
831902,"payment_confirmation_page"
182205,"payment_confirmation_page"
761846,"payment_confirmation_page"
122067,"payment_confirmation_page"
295654,"payment_confirmation_page"
337704,"payment_confirmation_page"
28088,"payment_confirmation_page"
808733,"payment_confirmation_page"
157202,"payment_confirmation_page"
768271,"payment_confirmation_page"
276166,"payment_confirmation_page"
398264,"payment_confirmation_page"
200120,"payment_confirmation_page"
561699,"payment_confirmation_page"
971840,"payment_confirmation_page"
778462,"payment_confirmation_page"
779623,"payment_confirmation_page"
780826,"payment_confirmation_page"
20486,"payment_confirmation_page"
517992,"payment_confirmation_page"
832554,"payment_confirmation_page"
452610,"payment_confirmation_page"
498864,"payment_confirmation_page"
887265,"payment_confirmation_page"
852145,"payment_confirmation_page"
177122,"payment_confirmation_page"
114597,"payment_confirmation_page"
255474,"payment_confirmation_page"
827328,"payment_confirmation_page"
366008,"payment_confirmation_page"
9477,"payment_confirmation_page"
370354,"payment_confirmation_page"
371719,"payment_confirmation_page"
319180,"payment_confirmation_page"
923746,"payment_confirmation_page"
930760,"payment_confirmation_page"
342803,"payment_confirmation_page"
433684,"payment_confirmation_page"
537852,"payment_confirmation_page"
933655,"payment_confirmation_page"
646417,"payment_confirmation_page"
802357,"payment_confirmation_page"
222999,"payment_confirmation_page"
110910,"payment_confirmation_page"
869691,"payment_confirmation_page"
689159,"payment_confirmation_page"
317174,"payment_confirmation_page"
271874,"payment_confirmation_page"
777123,"payment_confirmation_page"
433920,"payment_confirmation_page"
360196,"payment_confirmation_page"
259289,"payment_confirmation_page"
195110,"payment_confirmation_page"
47353,"payment_confirmation_page"
153716,"payment_confirmation_page"
792862,"payment_confirmation_page"
452331,"payment_confirmation_page"
882373,"payment_confirmation_page"
214674,"payment_confirmation_page"
941606,"payment_confirmation_page"
795953,"payment_confirmation_page"
967485,"payment_confirmation_page"
423926,"payment_confirmation_page"
391189,"payment_confirmation_page"
730515,"payment_confirmation_page"
66727,"payment_confirmation_page"
312862,"payment_confirmation_page"
930763,"payment_confirmation_page"
143291,"payment_confirmation_page"
344537,"payment_confirmation_page"
434620,"payment_confirmation_page"
41697,"payment_confirmation_page"
705035,"payment_confirmation_page"
547501,"payment_confirmation_page"
723260,"payment_confirmation_page"
4561,"payment_confirmation_page"
285405,"payment_confirmation_page"
644958,"payment_confirmation_page"
43283,"payment_confirmation_page"
747560,"payment_confirmation_page"
365874,"payment_confirmation_page"
682241,"payment_confirmation_page"
816118,"payment_confirmation_page"
854327,"payment_confirmation_page"
464724,"payment_confirmation_page"
57696,"payment_confirmation_page"
894052,"payment_confirmation_page"
911540,"payment_confirmation_page"
110742,"payment_confirmation_page"
638114,"payment_confirmation_page"
24398,"payment_confirmation_page"
446347,"payment_confirmation_page"
409001,"payment_confirmation_page"
400188,"payment_confirmation_page"
807606,"payment_confirmation_page"
71591,"payment_confirmation_page"
82165,"payment_confirmation_page"
71944,"payment_confirmation_page"
501216,"payment_confirmation_page"
288423,"payment_confirmation_page"
697493,"payment_confirmation_page"
567797,"payment_confirmation_page"
14647,"payment_confirmation_page"
467375,"payment_confirmation_page"
694807,"payment_confirmation_page"
460508,"payment_confirmation_page"
898285,"payment_confirmation_page"
995148,"payment_confirmation_page"
169165,"payment_confirmation_page"
38522,"payment_confirmation_page"
572199,"payment_confirmation_page"
604207,"payment_confirmation_page"
211983,"payment_confirmation_page"
779484,"payment_confirmation_page"
436153,"payment_confirmation_page"
340946,"payment_confirmation_page"
516732,"payment_confirmation_page"
86629,"payment_confirmation_page"
638892,"payment_confirmation_page"
131772,"payment_confirmation_page"
649539,"payment_confirmation_page"
234188,"payment_confirmation_page"
397473,"payment_confirmation_page"
860829,"payment_confirmation_page"
371291,"payment_confirmation_page"
263707,"payment_confirmation_page"
892101,"payment_confirmation_page"
